CustomerID,Name,StreetAddress,City,ZipCode,Member
1,"Alice Johnson","123 Oak St",Chicago,60601,1
2,"Bob Smith","456 Maple Ave","New York",10002,0
3,"Charlie Brown","789 Pine Ln","Los Angeles",90003,1
4,"David Miller","101 Elm Blvd","San Francisco",94105,0
5,"Emma Davis","202 Birch Rd",Seattle,98101,1
6,"Frank Wilson","303 Cedar Ct",Miami,33101,0
7,"Grace Taylor","404 Walnut Pl",Dallas,75201,1
8,"Henry Turner","505 Redwood Dr",Atlanta,30301,0
9,"Ivy Martinez","606 Willow St",Denver,80202,1
10,"Jack Anderson","707 Pinehurst Ave",Phoenix,85001,0
11,"Karen White","808 Juniper Ln",Boston,02101,1
12,"Leo Rodriguez","909 Sycamore Blvd",Houston,77001,0
13,"Mia Lee","1010 Magnolia Dr",Philadelphia,19101,1
14,"Noah Garcia","1111 Cedar Ln","San Diego",92101,0
15,"Olivia Brown","1212 Oakwood Rd",Detroit,48201,1
16,"Patrick Smith","1313 Pinecrest Ave",Minneapolis,55401,0
17,"Quinn Taylor","1414 Birchwood Dr",Portland,97201,1
18,"Ryan Johnson","1515 Redstone Ln",Tampa,33601,0
19,"Samantha Wilson","1616 Maple Pl","St. Louis",63101,1
20,"Tyler Davis","1717 Elm St","San Antonio",78201,0
21,"Uma Thomas","1818 Willow Dr",Charlotte,28201,1
22,"Vincent Miller","1919 Sycamore Ave","Las Vegas",89101,0
23,"Wendy Martinez","2020 Juniper Blvd",Cleveland,44101,1
24,"Xavier Taylor","2121 Pinehurst Rd","Kansas City",64101,0
25,"Yara Rodriguez","2222 Cedar Ct",Orlando,32801,1
26,"Zane Anderson","2323 Birch Ln",Sacramento,95801,0
27,"Ava White","2424 Oak Pl",Raleigh,27601,1
28,"Benjamin Turner","2525 Maple Dr",Indianapolis,46201,0
29,"Chloe Martinez","2626 Elm Ave","Salt Lake City",84101,1
30,"Daniel Wilson","2727 Willow Ln",Nashville,37201,0
31,"Ella Davis","2828 Redwood Blvd",Austin,73301,1
32,"Finn Smith","2929 Pinecrest Dr",Columbus,43201,0
33,"Grace Taylor","3030 Birchwood Pl",Milwaukee,53201,1
34,"Henry Turner","3131 Cedar Blvd",Albuquerque,87101,0
35,"Ivy Martinez","3232 Willow St",Louisville,40201,1
36,"Jack Anderson","3333 Oakwood Ave",Memphis,38101,0
37,"Karen White","3434 Maple Dr","El Paso",79901,1
38,"Leo Rodriguez","3535 Elm Ln","Oklahoma City",73101,0
39,"Mia Lee","3636 Sycamore Rd",Baltimore,21201,1
40,"John Doe","3737 Pinehurst Blvd",Phoenix,85001,0
41,"Liam Johnson","3838 Oak St",Chicago,60602,1
42,"Olivia Smith","3939 Maple Ave","New York",10003,0
43,"Ethan Brown","4040 Pine Ln","Los Angeles",90004,1
44,"Emma Miller","4141 Elm Blvd","San Francisco",94106,0
45,"Noah Davis","4242 Birch Rd",Seattle,98102,1
46,"Ava Wilson","4343 Cedar Ct",Miami,33102,0
47,"Mason Taylor","4444 Walnut Pl",Dallas,75202,1
48,"Sophia Turner","4545 Redwood Dr",Atlanta,30302,0
49,"Logan Martinez","4646 Willow St",Denver,80203,1
50,"Isabella Anderson","4747 Pinehurst Ave",Phoenix,85002,0
51,"Carter White","4848 Juniper Ln",Boston,02102,1
52,"Charlotte Rodriguez","4949 Sycamore Blvd",Houston,77002,0
53,"Lucas Lee","5050 Magnolia Dr",Philadelphia,19102,1
54,"Lily Garcia","5151 Cedar Ln","San Diego",92102,0
55,"Jackson Brown","5252 Oakwood Rd",Detroit,48202,1
56,"Madison Smith","5353 Pinecrest Ave",Minneapolis,55402,0
57,"Aiden Taylor","5454 Birchwood Dr",Portland,97202,1
58,"Chloe Johnson","5555 Redstone Ln",Tampa,33602,0
59,"Elijah Wilson","5656 Maple Pl","St. Louis",63102,1
60,"Zoe Davis","5757 Elm St","San Antonio",78202,0
61,"Grayson Thomas","5858 Willow Dr",Charlotte,28202,1
62,"Avery Miller","5959 Sycamore Ave","Las Vegas",89102,0
63,"Sofia Martinez","6060 Juniper Blvd",Cleveland,44102,1
64,"Ezra Taylor","6161 Pinehurst Rd","Kansas City",64102,0
65,"Leah Rodriguez","6262 Cedar Ct",Orlando,32802,1
66,"Hudson Anderson","6363 Birch Ln",Sacramento,95802,0
67,"Mila White","6464 Oak Pl",Raleigh,27602,1
68,"Landon Turner","6565 Maple Dr",Indianapolis,46202,0
69,"Bella Martinez","6666 Elm Ave","Salt Lake City",84102,1
70,"Luke Wilson","6767 Willow Ln",Nashville,37202,0
71,"Layla Davis","6868 Redwood Blvd",Austin,73302,1
72,"Henry Smith","6969 Pinecrest Dr",Columbus,43202,0
73,"Stella Taylor","7070 Birchwood Pl",Milwaukee,53202,1
74,"Zachary Turner","7171 Cedar Blvd",Albuquerque,87102,0
75,"Aria Martinez","7272 Willow St",Louisville,40202,1
