RowID,StorageID,Quantity,LocationStored
1,6,18,"Mom's House"
2,5,6,Home
3,4,6,"Mom's House"
4,5,24,"Storage Locker"
5,3,14,Home
6,5,11,"Mom's House"
7,3,8,Home
8,3,14,Home
9,5,14,"Mom's House"
10,4,24,Home
11,4,8,Home
12,4,6,"Mom's House"
13,4,21,"Mom's House"
14,6,17,"Storage Locker"
15,6,20,"Mom's House"
16,3,13,Home
17,5,10,"Storage Locker"
18,3,22,"Storage Locker"
19,4,20,Home
20,5,22,Home
21,3,13,"Mom's House"
22,5,11,"Storage Locker"
23,5,15,Home
24,5,16,Home
25,4,24,"Mom's House"
26,4,23,"Mom's House"
27,3,22,Home
28,6,10,Home
29,6,20,"Mom's House"
30,3,20,"Storage Locker"
31,3,21,Home
32,6,23,"Mom's House"
33,3,11,"Mom's House"
34,5,17,"Mom's House"
35,5,24,Home
36,4,9,"Storage Locker"
37,6,25,"Storage Locker"
38,5,19,Home
39,4,17,"Mom's House"
40,4,24,"Mom's House"
41,5,15,Home
42,6,9,Home
43,4,22,Home
44,6,22,"Mom's House"
45,5,11,"Mom's House"
46,6,12,Home
47,4,16,"Mom's House"
48,3,7,Home
49,4,7,"Storage Locker"
50,4,14,Home
